{
  "referrals": [
    {
      "name": "Ronald",
      "surname": "Patawaran",
      "email": "ronaldallanpatawaran@gmail.com",
      "phone": "09177076445",
      "home": "Binangonan Rizal",
      "street": "Capricorn St.",
      "suburb": "Binangonan",
      "state": "NA",
      "postcode": 1940,
      "country": "PH"
    },
    {
      "name": "Ronald",
      "surname": "Patawaran",
      "email": "ronaldallanpatawaran@gmail.com",
      "phone": "09177076445",
      "home": "Binangonan Rizal",
      "street": "Capricorn St.",
      "suburb": "Binangonan",
      "state": "NA",
      "postcode": 1940,
      "country": "PH"
    },
    {
      "name": "asd",
      "surname": "",
      "email": "asd",
      "phone": "",
      "home": "",
      "street": "asd",
      "suburb": "asd",
      "state": "asd",
      "postcode": "as",
      "country": "asd"
    },
    {
      "name": "asd",
      "surname": "asd",
      "email": "asd",
      "phone": "",
      "home": "",
      "street": "as",
      "suburb": "asd",
      "state": "as",
      "postcode": "asd",
      "country": "as"
    },
    {
      "name": "",
      "surname": "",
      "email": "",
      "phone": "",
      "home": "",
      "street": "",
      "suburb": "",
      "state": "",
      "postcode": 0,
      "country": ""
    },
    {
      "name": "",
      "surname": "",
      "email": "",
      "phone": "",
      "home": "",
      "street": "",
      "suburb": "",
      "state": "",
      "postcode": 0,
      "country": ""
    },
    {
      "name": "as",
      "surname": "asdas",
      "email": "asd",
      "phone": "",
      "home": "",
      "street": "asd",
      "suburb": "asd",
      "state": "asdas",
      "postcode": "1940",
      "country": "asdasd"
    },
    {
      "name": "as",
      "surname": "asd",
      "email": "asd",
      "phone": "",
      "home": "",
      "street": "sad",
      "suburb": "asd",
      "state": "as",
      "postcode": "123",
      "country": "asd"
    }
  ]
}